{"ExtCounts":{"py":6,"csv":3},"ExtTotal":9,"EntropyName":{"Count":3,"Mean":3.653756708287001,"M2":0,"Variance":0,"StdDev":3.1622776601683795E-05},"EntropyContent":{"Count":3,"Mean":5.386726423690643,"M2":0,"Variance":0,"StdDev":3.1622776601683795E-05}}